{
  "name": "neo-breakout-1",
  "model_id": "dbed260a-311d-4799-b0df-1c9009ec3112",
  "file": "neo-breakout-1.joblib",
  "algorithm": "LightGBM (LGBMClassifier)",
  "label": "P(price rises >= 2% within first 30min of T+1)",
  "label_type": "30min_breakout",
  "window_minutes": 30,
  "threshold_pct": 2.0,
  "universe": "universe_biotech_small_cap",
  "tickers": 30,
  "trained_at": "2026-02-23T12:12:26Z",
  "training_data": {
    "source": "TimescaleDB ohlcv_5m",
    "bars": "393K 5-min bars",
    "period": "2025-06 to 2026-02",
    "method": "walk-forward cross-validation",
    "folds": 160,
    "min_train_days": 20
  },
  "metrics": {
    "mean_auc": 0.684,
    "mean_precision": 0.418,
    "mean_recall": 0.167,
    "top_k_hit_rate": 0.31,
    "last_fold_auc": 0.776
  },
  "top_features": [
    "high_timing",
    "direction_changes",
    "low_timing",
    "intraday_kurtosis",
    "open_gap"
  ],
  "features_count": 30,
  "lgbm_params": {
    "num_leaves": 31,
    "learning_rate": 0.05,
    "min_child_samples": 50,
    "reg_alpha": 1.0,
    "reg_lambda": 1.0,
    "subsample": 0.8,
    "colsample_bytree": 0.8,
    "n_estimators": 300
  },
  "backtest": {
    "period": "2026-01-26 to 2026-02-20 (19 trading days)",
    "execution": "Vol 20x rolling spike + Donchian(6) breakout + TP 5% + EOD exit",
    "candidates": "top-10 model predictions per day",
    "position_size": 2000,
    "results": {
      "net_profit_pct": 3.16,
      "sharpe_ratio": 2.65,
      "sortino_ratio": 4.77,
      "max_drawdown_pct": 1.9,
      "win_rate": 0.44,
      "profit_loss_ratio": 1.76,
      "total_trades": 54,
      "total_fees": 112.25
    },
    "control_test": {
      "description": "Same logic, full 30-ticker universe without model filter",
      "net_profit_pct": -9.18,
      "sharpe_ratio": -4.66,
      "conclusion": "Model is the alpha source — breakout logic alone loses money"
    }
  },
  "supersedes": {
    "model_id": "de2970c3-1d2c-464a-baec-22352a4fe626",
    "label_type": "daily_breakout",
    "reason": "Daily target not actionable intraday — 30min target aligns with execution"
  }
}
